key,code,instantiation,heading,description,department,email,link
claim-01,C-1234,2020/01/01 19:30,head1,description1,department1,null,null
claim-02,C-1111,2020/01/01 19:31,head1,description1,department1,null, null
claim-03,C-1235,2000/01/01 00:00,head1,description1,department1,null,null
claim-04,C-1236,2000/01/01 00:01,head1,description1,department1,null,null  
claim-20,C-1994,2022/07/30 00:00,head1,description1,department1,null,null
claim-21,C-1993,2022/06/30 23:59,head1,description1,department1,null,null
claim-26,C-1999,2020/02/29 19:30,head1,description1,department1,null,null
claim-07,C-1239,2020/01/01 19:30,h,description1,department1,null,null
claim-05,C-1237,2020/12/31 23:58,hh,description1,department1,null,null
claim-08,C-1230,2020/01/01 19:30,74caracteresaaaaaaaaaaaaaaaaaaaaaaaaaaaaaaaaaaaaaaaaaaaaaaaaaaaaaaaaaaaaaa,description1,department1,null,null
claim-09,C-1334,2020/01/01 19:30,75caracteresaaaaaaaaaaaaaaaaaaaaaaaaaaaaaaaaaaaaaaaaaaaaaaaaaaaaaaaaaaaaaaa,description1,department1,null,null
claim-10,C-1434,2020/01/01 19:30,37caracteresaaaaaaaaaaaaaaaaaaaaaaaaa,description1,department1,null,null
claim-11,C-1534,2020/01/01 19:30,"<script>console.log("hackeado")</script>",description1,department1,null,null
claim-12,C-1634,2020/01/01 19:30,'Or 'A' = 'A,description1,department1,null,null
claim-19,C-0000,2020/01/01 19:30,مرحبا,description1,department1,null,null
claim-13,C-1734,2020/01/01 19:30,head1,d,department1,null,null
claim-14,C-1834,2020/01/01 19:30,head1,50caracteresaaaaaaaaaaaaaaaaaaaaaaaaaaaaaaaaaaaaaa,department1,null,null
claim-15,C-1934,2020/01/01 19:30,head1,99caracteresaaaaaaaaaaaaaaaaaaaaaaaaaaaaaaaaaaaaaaaaaaaaaaaaaaaaaaaaaaaaaaaaaaaaaaaaaaaaaaaaaaaaaaa,department1,null,null
claim-16,C-1034,2020/01/01 19:30,head1,100caracteresaaaaaaaaaaaaaaaaaaaaaaaaaaaaaaaaaaaaaaaaaaaaaaaaaaaaaaaaaaaaaaaaaaaaaaaaaaaaaaaaaaaaaaa,department1,null,null
claim-27,C-1394,2020/01/01 19:30,head1,description1مرحبا,department1,null,null
claim-28,C-1911,2020/01/01 19:30,head1,"<script>console.log("hackeado")</script>",department1,null,null
claim-29,C-1814,2020/01/01 19:30,head1,description1,'Or 'A' = 'A,null,null
claim-17,C-1204,2020/01/01 19:30,head1,description1,department1,"",null
claim-18,C-1214,2020/01/01 19:30,head1,description1,department1,ee@email.com,null
claim-24,C-6234,2020/01/01 19:30,head1,description1,department1,emailحبا@email.com,null
claim-30,C-7234,2020/01/01 19:30,head1,description1,department1,emailemailemailemailemailemailemailemailemailemailemailemailemai@email.com,null
claim-31,C-7231,2020/01/01 19:30,head1,description1,department1,emailemailemailemailemailemailemailemailemailemailemailemailema@email.com,null
claim-32,C-1614,2020/01/01 19:30,head1,description1,department1,null,""
claim-33,C-1584,2020/01/01 19:30,head1,description1,department1,null,http://l.es
claim-22,C-1504,2020/01/01 19:30,head1,description1,department1,null,http://linklinklinklinklinklinklinklinklinklinklinklinklinklinklinklinklinklinklinklinklinklinklinklinklinklinklinklinklinklinklinklinklinklinklinklinklinklinklinklinklinklinklinklinklinklinklinklinklinklinklinklinklinklinklinklinklinklinklinklinklink.com
claim-23,C-1514,2020/01/01 19:30,head1,description1,department1,null,http://linklinklinklinklinklinklinklinklinklinklinklinklinklinklinklinklinklinklinklinklinklinklinklinklinklinklinklinklinklinklinklinklinklinklinklinklinklinklinklinklinklinklinklinklinklinklinklinklinklinklinklinklinklinklinklinklinklinklinklinklink.co
claim-25,C-5234,2020/01/01 19:30,head1,description1,department1,null,http://مرlink.es
claim-34,C-0174,2020/01/01 19:30,head1,description1,department1,null,http://?a.es