key,instantiationMoment,title,author,message,emailAddress,link
notice-1,"2022/02/02 18:00",Welcome,John Doe,Welcome to ACME Groupal!,admin@acme.com,http://www.acme.com/welcome
#instationMoment
notice-2,"2000/01/01 00:00",Update,Jane Doe,Important update: implement ASAP.,manager@acme.com,http://www.acme.com/update
notice-3,"2000/01/01 00:01",Security Policy,Security Team,Review new security policy.,security@acme.com,http://www.acme.com/security-policy
notice-4,"2022/07/30 00:00",Welcome,John Doe,Welcome to ACME Groupal!,admin@acme.com,http://www.acme.com/welcome
notice-5,"2022/06/29 23:59",Welcome,John Doe,Welcome to ACME Groupal!,admin@acme.com,http://www.acme.com/welcome
notice-5-01,"2020/02/29 18:00",Welcome,John Doe,Welcome to ACME Groupal!,admin@acme.com,http://www.acme.com/welcome
#title
notice-6,"2022/02/02 18:00",W,John Doe,Welcome to ACME Groupal!,admin@acme.com,http://www.acme.com/welcome
notice-7,"2022/02/02 18:00",We,John Doe,Welcome to ACME Groupal!,admin@acme.com,http://www.acme.com/welcome
notice-8,"2022/02/02 18:00",WelcomeWelcomeWelcomeWelcomeWelcomeWelcomeWelcomeWelcomeWelcomeWelcomeWelco,John Doe,Welcome to ACME Groupal!,admin@acme.com,http://www.acme.com/welcome
notice-9,"2022/02/02 18:00",WelcomeWelcomeWelcomeWelcomeWelcomeWelcomeWelcomeWelcomeWelcomeWelcomeWelc,John Doe,Welcome to ACME Groupal!,admin@acme.com,http://www.acme.com/welcome
notice-10,"2022/02/02 18:00",<script>console.log("hacked")<script>,John Doe,Welcome to ACME Groupal!,admin@acme.com,http://www.acme.com/welcome
notice-11,"2022/02/02 18:00",'Or 'A' = 'A,John Doe,Welcome to ACME Groupal!,admin@acme.com,http://www.acme.com/welcome
notice-11-01,"2022/02/02 18:00",Welcome芝,John Doe,Welcome to ACME Groupal!,admin@acme.com,http://www.acme.com/welcome
#author
notice-12,"2022/02/02 18:00",Welcome,J,Welcome to ACME Groupal!,admin@acme.com,http://www.acme.com/welcome
notice-13,"2022/02/02 18:00",Welcome,Jo,Welcome to ACME Groupal!,admin@acme.com,http://www.acme.com/welcome
notice-14,"2022/02/02 18:00",Welcome,JohnDoeJohnDoeJohnDoeJohnDoeJohnDoeJohnDoeJohnDoeJohnDoeJohnDoeJohnDoeJohnD,Welcome to ACME Groupal!,admin@acme.com,http://www.acme.com/welcome
notice-15,"2022/02/02 18:00",Welcome,JohnDoeJohnDoeJohnDoeJohnDoeJohnDoeJohnDoeJohnDoeJohnDoeJohnDoeJohnDoeJohn,Welcome to ACME Groupal!,admin@acme.com,http://www.acme.com/welcome
notice-16,"2022/02/02 18:00",Welcome,<script>console.log("hacked")<script>,Welcome to ACME Groupal!,admin@acme.com,http://www.acme.com/welcome
notice-17,"2022/02/02 18:00",Welcome,'Or 'A' = 'A,Welcome to ACME Groupal!,admin@acme.com,http://www.acme.com/welcome
notice-18,"2022/02/02 18:00",Welcome,John Doe芝,Welcome to ACME Groupal!,admin@acme.com,http://www.acme.com/welcome
#message
notice-19,"2022/02/02 18:00",Welcome,John Doe,W,admin@acme.com,http://www.acme.com/welcome
notice-20,"2022/02/02 18:00",Welcome,John Doe,We,admin@acme.com,http://www.acme.com/welcome
notice-21,"2022/02/02 18:00",Welcome,John Doe,WelcometoACMEGroupal!WelcometoACMEGroupal!WelcometoACMEGroupal!WelcometoACMEGroupal!WelcometoACMEGro,admin@acme.com,http://www.acme.com/welcome
notice-22,"2022/02/02 18:00",Welcome,John Doe,WelcometoACMEGroupal!WelcometoACMEGroupal!WelcometoACMEGroupal!WelcometoACMEGroupal!WelcometoACMEGr,admin@acme.com,http://www.acme.com/welcome
notice-23,"2022/02/02 18:00",Welcome,John Doe,<script>console.log("hacked")<script>,admin@acme.com,http://www.acme.com/welcome
notice-24,"2022/02/02 18:00",Welcome,John Doe,'Or 'A' = 'A,admin@acme.com,http://www.acme.com/welcome
notice-25,"2022/02/02 18:00",Welcome,John Doe,Welcome to ACME Groupal!芝,admin@acme.com,http://www.acme.com/welcome
#emailAdress
notice-26,"2022/02/02 18:00",Welcome,John Doe,Welcome to ACME Groupal!,null,http://www.acme.com/welcome
notice-26-01,"2022/02/02 18:00",Welcome,John Doe,Welcome to ACME Groupal!,"",http://www.acme.com/welcome
notice-27,"2022/02/02 18:00",Welcome,John Doe,Welcome to ACME Groupal!,a@acme.com,http://www.acme.com/welcome
notice-28,"2022/02/02 18:00",Welcome,John Doe,Welcome to ACME Groupal!,emailemailemailemailemailemailemailemailemailemailemailemailemai@email.com,http://www.acme.com/welcome
notice-29,"2022/02/02 18:00",Welcome,John Doe,Welcome to ACME Groupal!,emailemailemailemailemailemailemailemailemailemailemailemailemai@emai.com,http://www.acme.com/welcome
notice-30,"2022/02/02 18:00",Welcome,John Doe,Welcome to ACME Groupal!,admi芝@acme.com,http://www.acme.com/welcomen
#link
notice-31,"2022/02/02 18:00",Welcome,John Doe,Welcome to ACME Groupal!,admin@acme.com,""
notice-32,"2022/02/02 18:00",Welcome,John Doe,Welcome to ACME Groupal!,admin@acme.com,http://a.com
notice-33,"2022/02/02 18:00",Welcome,John Doe,Welcome to ACME Groupal!,admin@acme.com,http://?a.com
notice-34,"2022/02/02 18:00",Welcome,John Doe,Welcome to ACME Groupal!,admin@acme.com,http://a芝.com
notice-35,"2022/02/02 18:00",Welcome,John Doe,Welcome to ACME Groupal!,admin@acme.com,http://linklinklinklinklinklinklinklinklinklinklinklinklinklinklinklinklinklinklinklinklinklinklinklinklinklinklinklinklinklinklinklinklinklinklinklinklinklinklinklinklinklinklinklinklinklinklinklinklinklinklinklinklinklinklinklinklinklinklinklinklin.com
notice-36,"2022/02/02 18:00",Welcome,John Doe,Welcome to ACME Groupal!,admin@acme.com,http://linklinklinklinklinklinklinklinklinklinklinklinklinklinklinklinklinklinklinklinklinklinklinklinklinklinklinklinklinklinklinklinklinklinklinklinklinklinklinklinklinklinklinklinklinklinklinklinklinklinklinklinklinklinklinklinklinklinklinklinklink.com
notice-37,"2022/02/02 18:00",Welcome,John Doe,Welcome to ACME Groupal!,admin@acme.com,null