key,reference,identification-date,impact,probability,description,link
risk-01,R-001,2022/02/02 18:00,2,1.00,This is a risk for sample data,http://acme.es
risk-02,R-002,2000/01/01 00:00,2,1.00,This is a risk for sample data,http://acme.es
risk-03,R-003,2000/01/01 00:01,2,1.00,This is a risk for sample data,http://acme.es
risk-21,R-021,2022/07/30 00:00,2,1.00,This is a risk for sample data,http://acme.es
risk-22,R-022,2022/06/30 23:59,2,1.00,This is a risk for sample data,http://acme.es
risk-22-01,R-031,2020/02/29 23:59,2,1.00,This is a risk for sample data,http://acme.es
risk-04,R-004,2022/02/02 18:00,00.00,1.00,This is a risk for sample data,http://acme.es
risk-05,R-005,2022/02/02 18:00,00.01,1.00,This is a risk for sample data,http://acme.es
risk-06,R-006,2022/02/02 18:00,100.00,1.00,This is a risk for sample data,http://acme.es
risk-07,R-007,2022/02/02 18:00,99.99,1.00,This is a risk for sample data,http://acme.es
risk-23,R-023,2022/02/02 18:00,2,00.00,This is a risk for sample data,http://acme.es
risk-24,R-024,2022/02/02 18:00,2,00.01,This is a risk for sample data,http://acme.es
risk-25,R-025,2022/02/02 18:00,2,100.00,This is a risk for sample data,http://acme.es
risk-26,R-026,2022/02/02 18:00,2,99.99,This is a risk for sample data,http://acme.es
risk-08,R-008,2022/02/02 18:00,2,1.00,a,http://acme.es
risk-09,R-009,2022/02/02 18:00,2,1.00,aa,http://acme.es
risk-10,R-010,2022/02/02 18:00,2,1.00,descriptiondescriptiondescriptiondescriptiondescriptiondescriptiondescriptiondescriptiondescriptiona,http://acme.es
risk-11,R-032,2022/02/02 18:00,2,1.00,descriptiondescriptiondescriptiondescriptiondescriptiondescriptiondescriptiondescriptiondescription,http://acme.es
risk-11-01,R-033,2022/02/02 18:00,2,1.00,<script>console.log(,http://acme.es
risk-11-02,R-034,2022/02/02 18:00,2,1.00,or 'A' = 'A',http://acme.es
risk-11-03,R-035,2022/02/02 18:00,2,1.00,description芝,http://acme.es
risk-12,R-012,2022/02/02 18:00,2,1.00,This is a risk for sample data,""
risk-13,R-013,2022/02/02 18:00,2,1.00,This is a risk for sample data,http://a.es
risk-14,R-014,2022/02/02 18:00,2,1.00,This is a risk for sample data,http://linklinklinklinklinklinklinklinklinklinklinklinklinklinklinklinklinklinklinklinklinklinklinklinklinklinklinklinklinklinklinklinklinklinklinklinklinklinklinklinklinklinklinklinklinklinklinklinklinklinklinklinklinklinklinklinklinklinklinklinklink.com
risk-15,R-015,2022/02/02 18:00,2,1.00,This is a risk for sample data,http://linklinklinklinklinklinklinklinklinklinklinklinklinklinklinklinklinklinklinklinklinklinklinklinklinklinklinklinklinklinklinklinklinklinklinklinklinklinklinklinklinklinklinklinklinklinklinklinklinklinklinklinklinklinklinklinklinklinklinklinklin.com
risk-16,R-016,2022/02/02 18:00,2,1.00,This is a risk for sample data芝,http://acme.es
risk-17,R-017,2022/02/02 18:00,2,1.00,This is a risk for sample data,http://acme芝.es
risk-18,R-018,2022/02/02 18:00,2,1.00,This is a risk for sample data,http://?aacme.es